{
  "formatVersion": 1,
  "database": {
    "version": 1,
    "identityHash": "f4d6cccc274a2434f75b81d4bb5d0ded",
    "entities": [
      {
        "tableName": "dream",
        "createSql": "CREATE TABLE IF NOT EXISTS `${TABLE_NAME}` (`id` BLOB NOT NULL, `title` TEXT NOT NULL, `lastUpdated` INTEGER NOT NULL, PRIMARY KEY(`id`))",
        "fields": [
          {
            "fieldPath": "id",
            "columnName": "id",
            "affinity": "BLOB",
            "notNull": true
          },
          {
            "fieldPath": "title",
            "columnName": "title",
            "affinity": "TEXT",
            "notNull": true
          },
          {
            "fieldPath": "lastUpdated",
            "columnName": "lastUpdated",
            "affinity": "INTEGER",
            "notNull": true
          }
        ],
        "primaryKey": {
          "autoGenerate": false,
          "columnNames": [
            "id"
          ]
        },
        "indices": [],
        "foreignKeys": []
      },
      {
        "tableName": "dream_entry",
        "createSql": "CREATE TABLE IF NOT EXISTS `${TABLE_NAME}` (`entryId` BLOB NOT NULL, `text` TEXT NOT NULL, `kind` TEXT NOT NULL, `dreamId` BLOB NOT NULL, PRIMARY KEY(`entryId`))",
        "fields": [
          {
            "fieldPath": "id",
            "columnName": "entryId",
            "affinity": "BLOB",
            "notNull": true
          },
          {
            "fieldPath": "text",
            "columnName": "text",
            "affinity": "TEXT",
            "notNull": true
          },
          {
            "fieldPath": "kind",
            "columnName": "kind",
            "affinity": "TEXT",
            "notNull": true
          },
          {
            "fieldPath": "dreamId",
            "columnName": "dreamId",
            "affinity": "BLOB",
            "notNull": true
          }
        ],
        "primaryKey": {
          "autoGenerate": false,
          "columnNames": [
            "entryId"
          ]
        },
        "indices": [],
        "foreignKeys": []
      }
    ],
    "views": [],
    "setupQueries": [
      "CREATE TABLE IF NOT EXISTS room_master_table (id INTEGER PRIMARY KEY,identity_hash TEXT)",
      "INSERT OR REPLACE INTO room_master_table (id,identity_hash) VALUES(42, 'f4d6cccc274a2434f75b81d4bb5d0ded')"
    ]
  }
}